state,total_users,cell_with_manufacturer_mw,cell_with_reseller_mw,module_with_manufacturer_mw,module_with_reseller_mw,cell_unclaimed_with_manufacturer_mw,cell_unclaimed_with_reseller_mw,module_unclaimed_with_manufacturer_mw,module_unclaimed_with_reseller_mw,scraped_at
Tamil Nadu,1195,724.7862415313721,0.6354299783706665,2697.1369152367115,216.22305382654304,15.286341667175293,5.821671009063721,3280.036304652691,106.56809757591691,2026-07-28T01:15:34
Maharashtra,5847,342.1619271831587,0.0,187.94152491819113,1869.7968973849784,11.992555379867554,0.0,275.7114707157016,907.0848659725827,2026-07-28T01:15:34
Karnataka,413,878.2504804134369,0.2277487237151945,318.8786976672709,57.28795031941263,26.812368392944336,0.0,2102.8362551927567,16.243039894034155,2026-07-28T01:15:34
Gujarat,2161,261.5530522281624,7.8357945004390785,176.96084539603908,1320.3135310565121,0.1835400015115738,11.238203585147858,374.515659855213,439.91193544009,2026-07-28T01:15:34
Rajasthan,2801,32.67983227968216,0.7573723183886614,6.051565681875218,1809.3760144935222,0.0,0.0,25.416409492492676,304.61810503696324,2026-07-28T01:15:34
Haryana,1123,304.04522597789764,11.191985234618187,32.73558745905757,543.4208699674055,39.71933356655063,2.5001365615898976,653.650271166116,293.89727184694493,2026-07-28T01:15:34
Telangana,536,251.3444209676818,8.67660254955291,37.01688504451886,153.39878430229146,31.970602989196777,2.6233128011226654,962.0306491851807,77.49570329312701,2026-07-28T01:15:34
Uttar Pradesh,6454,104.01861461997032,4.71819494470401,136.80471063125879,569.2471000963124,0.0,1.622704267501831,157.77787366881967,267.9856351570925,2026-07-28T01:15:34
Madhya Pradesh,1502,0.0,0.0,0.0,413.4980226222542,0.0,0.0,0.0,401.6319663282484,2026-07-28T01:15:34
West Bengal,192,90.06193080544472,0.0,490.29147789627314,33.94499534764327,109.93982261791825,0.0,39.68827525526285,12.778565141605213,2026-07-28T01:15:34
Delhi,208,9.78027892112732,0.6559487581253052,0.16492441855370998,684.5658799415687,0.0,0.0,16.82901495695114,34.232464927074034,2026-07-28T01:15:34
Kerala,1519,0.0,0.0,0.0,383.77078000037,0.0,0.0,0.0,105.27707958529936,2026-07-28T01:15:34
Uttarakhand,702,110.08808302879333,0.0,49.276792231947184,98.25243854155997,0.0,0.0,13.71228976547718,35.7806551248068,2026-07-28T01:15:34
Andhra Pradesh,1203,49.600894927978516,0.3947145938873291,0.0,174.68237252370454,5.749411106109619,10.736793518066406,0.0,29.474050607299432,2026-07-28T01:15:34
Chhattisgarh,885,58.64120062999427,0.0,4.23542582988739,106.65108941937797,0.0,0.0,53.54313199897297,30.45551003172295,2026-07-28T01:15:34
Odisha,938,3.9504252076148987,0.0,0.1527603156864643,120.392572794226,0.0,0.0,11.400140553712845,64.3095101127401,2026-07-28T01:15:34
Assam,1228,0.0,0.0,0.0,99.7007159240311,0.0,0.0,0.0,16.040204956720117,2026-07-28T01:15:34
Jharkhand,103,3.728747844696045,0.0,2.3989779949188232,54.55749524809653,0.0,0.0,9.970725059509277,16.9338705947157,2026-07-28T01:15:34
Himachal Pradesh,123,20.619277954101562,0.0491915971506387,0.0,15.527762786427047,23.749027252197266,0.0,0.0,3.950700064393459,2026-07-28T01:15:34
Jammu and Kashmir,198,0.0,0.0,0.0,46.49520983005641,0.0,0.0,0.0,15.456615245668218,2026-07-28T01:15:34
Punjab,385,4.361559867858887,0.0,0.0989999920129776,28.990000636025798,0.0,0.0,0.28460001945495605,9.84009997616522,2026-07-28T01:15:34
Bihar,428,0.0,0.0,0.0,32.59305049164686,0.0,0.0,0.0,6.038419872580562,2026-07-28T01:15:34
Goa,49,5.404891490936279,0.0,4.382964134216309,5.520268580527045,0.0,0.0,1.8438650369644165,1.2041350239887834,2026-07-28T01:15:34
Jammu And Kashmir,135,0.0,0.0,0.0,8.347835216496605,0.0,0.0,0.0,0.17217499832622707,2026-07-28T01:15:34
Tripura,54,0.0,0.0,0.0,3.2072605930734426,0.0,0.0,0.0,0.5553150037303567,2026-07-28T01:15:34
Chandigarh,16,0.0,0.0,0.0,2.0427103402325884,0.0,0.0,0.0,0.8444799946155399,2026-07-28T01:15:34
Puducherry,45,0.0,0.0,0.0,1.4077298496267758,0.0,0.0,0.0,0.8442099851090461,2026-07-28T01:15:34
Manipur,25,0.0,0.0,0.0,1.7992893969640136,0.0,0.0,0.0,0.2066800002939999,2026-07-28T01:15:34
Nagaland,10,0.0,0.0,0.0,0.8250250723212957,0.0,0.0,0.0,0.028919999778736383,2026-07-28T01:15:34
Mizoram,12,0.0,0.0,0.0,0.5555101883364841,0.0,0.0,0.0,0.06931499880738556,2026-07-28T01:15:34
Andaman and Nicobar Islands,4,0.0,0.0,0.0,0.30244492180645466,0.0,0.0,0.0,0.04698000010102987,2026-07-28T01:15:34
Meghalaya,2,0.0,0.0,0.0,0.2190300151705742,0.0,0.0,0.0,0.030400000512599945,2026-07-28T01:15:34
Dadra and Nagar Haveli,2,0.0,0.0,0.0,0.16667991876602173,0.0,0.0,0.0,0.0,2026-07-28T01:15:34
Ladakh,6,0.0,0.0,0.0,0.1430299850180745,0.0,0.0,0.0,0.003000000026077032,2026-07-28T01:15:34
Andaman And Nicobar Islands,2,0.0,0.0,0.0,0.12801492772996426,0.0,0.0,0.0,0.0,2026-07-28T01:15:34
Daman and Diu,1,0.0,0.0,0.0,0.09528998285531998,0.0,0.0,0.0,0.0,2026-07-28T01:15:34
Arunachal Pradesh,2,0.0,0.0,0.0,0.05250499676913023,0.0,0.0,0.0,0.0186149999499321,2026-07-28T01:15:34
The Dadra And Nagar Haveli And Daman And Diu,2,0.0,0.0,0.0,0.0417749973712489,0.0,0.0,0.0,0.0,2026-07-28T01:15:34
Sikkim,2,0.0,0.0,0.0,0.015150001156143844,0.0,0.0,0.0,0.0239499993622303,2026-07-28T01:15:34
